{"cameraMode":{"drawMode":0,"name":"Shaded","section":"Shading Mode"},"sceneLighting":true,"audioPlay":false,"sceneViewState":{"m_AlwaysRefresh":false,"showFog":true,"showSkybox":false,"showFlares":true,"showImageEffects":true,"showParticleSystems":true,"showVisualEffectGraphs":true,"m_FxEnabled":true},"in2DMode":false,"pivot":{"x":1391.6678466796875,"y":609.2088623046875,"z":-97.29226684570313},"rotation":{"x":-0.03926335275173187,"y":-0.04285651817917824,"z":0.0016855521826073528,"w":-0.9983088374137878},"size":513.0140380859375,"orthographic":false}